feature_1,feature_2,feature_3,feature_4,feature_5,target
37.454011884736246,9.256646441930982,52.341136747181196,0,4,57.19958782835928
95.07143064099162,27.095047368917907,49.395759814399966,0,4,80.54323292999864
73.1993941811405,43.647291793820415,181.25091610420733,0,3,76.01609297901591
59.86584841970366,36.61124432047806,49.90923996990122,1,1,15.389990469377368
15.601864044243651,40.328057393072484,54.3899452257262,0,3,14.92494697414739
15.599452033620265,32.93916833553587,151.87965248359274,1,3,26.817436774491334
5.8083612168199465,34.613828225892625,89.947968490108,1,4,36.10747263410372
86.61761457749351,42.459782578265965,155.34211139103624,0,1,40.84555814084826
60.11150117432088,12.483400442959297,13.073231512877047,0,2,67.96972168333453
70.80725777960456,24.471248182157023,97.51423873467687,1,1,5.66804321658354
2.0584494295802447,11.060472090980111,6.7227200366565265,1,3,3.4672704226066386
96.99098521619943,49.38340039983235,12.530640691070904,0,3,39.191056294390904
83.24426408004217,47.202966984330665,181.28749066888219,0,3,69.71636921379805
21.233911067827616,1.971340568425295,27.849074223519033,0,1,19.343534295648258
18.182496720710063,35.27875862578442,106.48413645504343,1,4,64.15044812562518
18.34045098534338,46.26241587078329,82.2191205201413,1,3,25.982813794029948
30.42422429595377,9.028767256366677,69.46866525176854,1,3,88.60861088135164
52.475643163223786,28.397261527631475,179.9666691374545,1,1,89.56899442666165
43.194501864211574,45.774414879402094,4.3646793550979,1,2,29.72872042813265
29.122914019804192,1.697298929289942,132.75793723511782,0,2,22.99937539632405
61.18528947223795,34.871013362342,192.67888684271009,0,4,41.13039720662313
13.949386065204184,14.867450368627539,112.03363669236839,1,4,24.05315851801487
29.214464853521815,46.21980976882652,187.36449240661835,1,3,67.23838432917036
36.63618432936917,48.552912258268385,10.451575857204753,0,1,82.60646845482856
45.606998421703594,47.213324455671696,83.75866381483227,0,3,67.3092130911217
78.51759613930136,23.71071083287319,52.03155819241023,0,4,82.43504472493495
19.967378215835975,43.10213254946567,146.16419299614597,0,1,39.69921622074742
51.42344384136116,42.22746992675352,196.25941809944933,1,1,15.631697070886085
59.24145688620425,15.955023662162782,51.30601248884956,0,4,73.79509473975922
4.645041271999773,41.44577370753387,130.8349202948149,1,2,36.047450514155386
60.75448519014384,1.850381735774631,39.61952655194803,0,2,67.12708252291326
17.052412368729154,29.81349392410265,113.06605091432198,0,1,27.064394198176565
6.505159298527952,11.500441864385152,92.78649733766724,0,3,8.122963480667266
94.88855372533332,6.0283442888639405,194.4010659263074,1,2,99.25817954877634
96.56320330745594,3.847660081460458,121.70545453929331,1,3,15.620150793059928
80.83973481164611,34.81443879390699,69.90127441736375,0,2,98.8420993963481
30.46137691733707,16.993748188403305,22.819156977586672,1,2,97.72799325664472
9.767211400638388,36.238338576438075,30.24936574698691,1,3,79.38181039080396
68.42330265121569,3.2678170399471185,45.06338599024702,0,4,65.94229620819976
44.01524937396013,15.764516891530517,50.1933322680596,0,2,57.78070502510847
12.203823484477883,26.974564618766863,170.12321156822756,1,2,86.61015453778347
49.51769101112702,39.53615824194818,112.24455765650498,1,3,28.943952161948793
3.4388521115218396,15.937625146603496,104.6781822748733,1,4,46.7681212484877
90.9320402078782,31.294568821850454,22.953774373843494,0,2,61.93899693665019
25.87799816000169,44.29888741180935,172.027938669887,0,2,41.11904758694911
66.2522284353982,30.79315940911523,144.56286064169674,1,4,42.7486454090268
31.171107608941096,11.647973737681689,13.533672380000317,0,2,33.02846675020844
52.00680211778108,1.220039077826901,141.56701944595375,0,4,56.4231816684536
54.67102793432797,43.50494369504649,108.70764346852921,1,4,85.0574528015116
18.485445552552704,1.063470542519357,16.345069149355652,1,3,20.152837800631286
96.95846277645586,43.73508363420997,91.66012830573129,0,1,93.44330387534414
77.51328233611146,26.4468567013606,96.93925742600939,0,4,68.90876537482296
93.9498941564189,46.95338492564481,33.15490803265515,1,3,82.32732126800302
89.48273504276489,39.93916178868327,189.13962940005646,0,1,55.619069263001165
59.78999788110851,49.89670552666687,169.99507429613237,0,2,77.95167014240634
92.18742350231169,17.535590772585508,133.80446746582166,1,1,1.620039733946721
8.84925020519195,38.35941444655634,92.45911220012144,1,4,81.83804247795352
19.59828624191452,20.096545680462107,82.3531083169017,0,4,4.013885908536652
4.522728891053807,23.99378101519544,130.19469343019082,0,4,88.99133763628625
32.53303307632643,31.375273160918503,109.08637388138109,0,4,99.19627472386433
38.8677289689482,43.68385570931694,12.454621176377124,1,4,29.40674621767778
27.134903177389592,49.20417345996476,102.50052975406633,0,3,21.031855628579365
82.87375091519293,38.41367069322591,161.2807234465679,0,4,76.53633638580408
35.67533266935893,20.888339108366687,91.84797551939161,1,3,25.302634092025322
28.093450968738075,21.06785011385351,10.391315510853683,1,2,86.55623831722035
54.26960831582485,36.879115079444574,157.2556398768066,0,4,10.28425921574767
14.092422497476264,11.938857288415116,40.27275642719488,1,4,12.595519637935826
80.21969807540397,5.523705656569733,51.72416697760775,1,1,97.91515551006155
7.455064367977082,17.731107882038827,32.94127068645918,0,2,67.38388982700046
98.68869366005173,14.361949582704087,66.04301297429951,1,4,84.68872244289528
77.22447692966574,14.815406022799504,151.350301137727,1,4,32.4329377351518
19.87156815341724,11.680387552495496,103.87717190078747,0,2,67.64837495206044
0.5522117123602399,2.104659481818094,40.97625483014251,1,3,59.42418273085972
81.54614284548342,0.8936967366706905,175.56601563040817,0,4,60.3150120122947
70.68573438476172,49.386119486801576,175.91637099030584,0,1,68.25324595377215
72.90071680409874,21.388656686793116,174.11568500920137,1,4,57.53591731290986
77.12703466859458,19.216332357984083,47.75924227630786,1,1,42.906236930266594
7.4044651734090365,33.982364134653494,90.24786883619763,1,1,27.592269438054686
35.84657285442726,10.912694393253208,196.99793122817502,0,4,76.8581330913202
11.586905952512971,47.49805919751127,154.40249526199807,1,4,22.62724300031862
86.31034258755935,39.3172507207776,5.433484245111964,0,1,69.23543061544142
62.329812682755794,4.470550115612975,13.040918252098411,1,2,23.333282264932663
33.08980248526492,20.87903878924642,92.78627536246655,1,2,62.53301699544539
6.355835028602364,43.95591537810824,181.84404117231202,1,4,74.70782671290289
31.09823217156622,47.23660111457051,107.74035959054285,0,3,21.87138889065392
32.518332202674706,23.370075562493486,99.56250160685805,1,2,5.994330086130828
72.96061783380641,30.670569460535386,21.094739991326115,1,4,13.097374299417408
63.75574713552131,8.35169730460376,131.3560209448588,0,2,60.59969672710255
88.72127425763266,49.558431306848824,164.4206321200451,0,3,84.94464062257356
47.22149251619493,11.58358506917217,76.08400150151246,1,4,4.499682123542437
11.959424593830171,47.136588706756285,155.1223701850655,1,3,73.41512590416463
71.3244787222995,32.482332449618426,192.8953307801623,1,4,34.13186459500521
76.07850486168974,30.386839743942957,40.753291825537815,0,3,47.85283699195225
56.127719756949624,25.63442555082543,104.66592623894826,0,2,92.88595498455656
77.0967179954561,11.533490585887934,57.42759161691511,0,2,33.19715047358455
49.379559636439076,8.826401600275414,158.57088380676788,0,3,46.5336933939486
52.27328293819941,11.024310453508768,115.5186731762315,1,3,1.3682414760681105
42.75410183585496,9.321913107212726,126.91648351006076,0,3,8.159872000483837
2.541912674409519,38.97922367833767,159.58283192317882,0,4,25.859159113478402
10.789142699330444,17.506262958336507,79.19409453249098,0,2,2.7852240821074403
3.142918568673425,2.8921338281698183,183.01801368140863,1,4,63.1375326048251
63.64104112637804,48.45513150704057,106.605773449228,1,2,42.63983568016225
31.435598107632668,44.18929424817129,31.5909645670696,0,1,54.814520272802206
50.85706911647028,46.387614159760645,139.1798236337605,0,4,17.464718589632955
90.7566473926093,49.745391132321764,158.6522700876509,1,2,29.593202943661613
24.929222914887493,8.694762460974365,63.35233541350534,1,2,66.38244748527251
41.038292303562976,19.812100945132936,171.4358513997506,1,4,96.53027236303998
75.55511385430486,37.911923785204564,181.22865095315328,1,4,5.04167736022092
22.879816549162246,34.80103090268961,55.38089747556179,1,2,89.03843208552661
7.697990982879299,7.694795316992753,196.7042945430444,1,4,57.68812013112085
28.9751452913768,40.79165624953089,28.142305609751684,1,3,56.39195667556237
16.122128725400444,11.222028591833034,40.403133680497994,1,4,50.027853520776034
92.96976523425731,11.190880741131155,36.844967847605226,0,4,6.9394085904183385
80.8120379564417,26.84872114467068,178.79794200157409,0,4,8.987685173616066
63.34037565104234,29.646996742085157,130.85851046499238,0,2,60.09120056590861
87.14605901877177,29.00431039189056,30.420856644454574,0,3,34.09585714355583
80.36720768991145,4.574341869887744,88.06468367366979,0,1,91.72680665776807
18.657005888603585,43.87304313151902,123.05960501396041,0,1,40.659053735947225
89.25589984899777,13.280002129435303,16.69281699787666,1,3,14.328145870264109
53.93422419156507,6.475746064140209,176.48327368146775,1,3,71.4718833502036
80.74401551640625,44.43740399344886,160.72070708830702,0,3,29.335342144100984
89.60912999234932,47.78257491148767,101.04135471532764,0,2,52.54703073558932
31.800347497186387,43.106380863272534,193.42532305183408,1,1,69.783278550517
11.005192452767677,40.475803736243904,83.55219585501995,1,3,90.02641112020704
22.793516254194166,32.76209903195109,196.82206380729957,1,2,79.2191194801676
42.71077886262563,27.542868530456964,133.58399976072542,0,1,67.63610678727241
81.80147659224932,4.349337995570507,126.93425465078829,1,4,67.96331823951436
86.07305832563435,20.422660653534937,33.190979059157,0,2,94.59246440320865
0.6952130531190703,18.6344258506157,176.3855516609288,0,1,29.582409749653603
51.07473025775657,12.98768918801631,85.49793758412304,1,2,0.11120941961874076
41.7411003148779,36.17100568442925,32.44668115649587,1,1,27.19545593981987
22.210781047073024,24.79378675393854,2.521503995151808,0,1,21.7891379626744
11.98653673336828,4.052310795382397,111.95113672767651,1,4,66.18345851139982
33.7615171403628,11.009160097490566,105.47992442453527,1,2,63.3711599765529
94.29097039125192,34.162938182979794,143.8707244738317,0,3,59.34613827047238
32.320293202075526,3.8065429745150094,178.05161060356042,1,4,1.62434432094537
51.87906217433661,42.56034570243843,15.881316928605905,0,4,72.87780544506475
70.30189588951778,24.757326350698715,146.29929806807246,0,1,32.353041248549154
36.3629602379294,24.0293288663324,37.482388819516444,1,3,66.50559890066312
97.17820827209607,29.62038923297588,171.6354106314328,0,2,55.65784285021533
96.24472949421113,41.234048296257455,163.81270277233122,0,3,34.27309254279072
25.178229582536417,17.390460395109653,108.15875099710888,1,3,13.457626710410775
49.72485058923854,33.90080762795318,142.0485597246623,1,3,9.441889766048096
30.087830981676966,28.28659819978955,62.87002263674968,1,3,83.15183331122236
28.484049437746762,13.351413508471065,94.23357978656293,0,3,91.8397542081558
3.6886947354532795,43.9314993177579,164.32737954209432,0,1,64.97880467642996
60.956433397989684,39.871301080346406,91.85303943464278,1,1,10.343411486048337
50.26790232288615,32.922591732921276,71.55965306508836,0,4,40.20272168882407
5.147875124998935,42.52908645471209,98.84248945005997,1,1,72.89392001051573
27.864646423661142,43.364710047990116,165.64985048744367,1,4,77.9820884010068
90.82658859666537,35.41814883575174,67.04160947417455,0,4,11.82186222910886
23.95618906669724,41.8506664181836,34.75231862714876,1,2,0.003071884538241587
14.48948720912231,34.87357308346418,142.40280406615616,0,3,71.2137045880605
48.9452760277563,34.00703858801502,165.19564254161637,0,1,35.659617598620564
98.56504541106007,30.930568910759217,20.127495704706668,1,2,25.448133161826025
24.20552715115004,37.63583197788206,47.97482255118894,0,1,1.289746978952544
67.21355474058785,7.930255264653685,28.39439795219878,1,4,54.02994067614997
76.16196153287176,44.04353795994642,69.58828231643332,0,1,85.11507354259817
23.763754399239968,43.5921763872616,90.07019578108253,0,3,95.76316462725879
72.82163486118596,1.4623641517279573,149.7652673926613,0,4,56.574495061328925
36.77831327192532,41.290837528238136,130.22951697633482,1,4,51.44613277398942
63.23058305935795,6.4434933736722595,124.18571349568623,0,2,8.50563854892411
63.35297107608947,16.755942712957093,70.47498932193088,1,3,54.887280154259976
53.57746840747585,37.17541281458039,168.289510616952,0,4,37.99790789653946
9.02897700544083,8.03799480241541,94.25743347963291,0,3,60.71352808835769
83.5302495589238,40.89835120595311,195.82098760303091,1,1,38.87263478765467
32.07800649717358,41.606708897887096,126.82842765914737,1,3,24.029912345036674
18.651851039985424,25.373386688041812,25.252948312900546,1,4,9.49652752283765
4.077514155476392,0.319293585841679,135.2355124150868,1,2,31.491844458889574
59.08929431882418,14.351906658745639,65.0208030863398,1,4,9.664483428775227
67.75643618422824,30.84634591878711,137.26543933721948,0,3,17.689695082398394
1.6587828927856152,49.059308901371175,13.928229632481148,0,3,98.73361585795459
51.2093058299281,31.59067635083342,34.97628743519188,1,4,44.41035569066186
22.649577519793795,12.99017905320799,171.14745178115726,0,3,53.187176650501655
64.51727904094498,31.700285154980566,45.43591140470298,0,1,87.36185287372153
17.436642900499145,26.999268985792774,167.408225048588,0,4,99.55689004906878
69.09377381024659,38.99226975755718,55.855217690882085,1,2,58.27144493446815
38.67353463005374,5.349031941347921,128.57638201174154,0,4,81.24738210441717
93.67299887367345,38.0513951251014,138.8301147019662,0,1,32.694102433667524
13.752094414599325,27.063328933805515,102.53095062901059,0,1,30.57439574472911
34.10663510502585,48.149600192949734,61.062135339346256,1,1,40.27037209945602
11.347352124058908,17.093608301934303,42.528875274219224,0,1,67.25072626736491
92.46936182785628,31.631094656697407,6.637870912485244,0,1,68.21916892550988
87.7339353380981,46.60140527550087,60.78928024814476,1,2,31.52394346494508
25.79416277151556,5.125486399533963,130.6325581062566,1,3,13.320992413662868
65.99840460341791,46.86142436182256,187.66096368969653,0,1,63.239625646550856
81.72222002012158,34.394286115040664,174.2408964526104,0,1,12.832586218876452
55.52008115994623,3.391852955258595,153.21295530706053,1,4,57.84925082293301
52.965057835600646,15.048178347340812,157.68946865065973,1,2,69.3422128056309
24.18522909004517,35.40860443226408,132.99698069519906,1,2,70.06114963944516
9.310276780589922,3.367530073438585,52.0573715132006,1,3,75.34721106595967
89.72157579533267,29.108523008813663,181.43900614116598,1,2,87.28594215656645
90.04180571633304,17.294152847647837,134.1464623811668,1,4,49.995899196478845
63.31014572732679,31.045775888373857,112.08812619608798,1,4,73.02491895295712
33.90297910487007,2.2871016906256427,22.197893842696214,0,3,61.91727353658367
34.92095746126609,43.576840307618816,89.41110876128508,1,4,18.663993979768257
72.59556788702393,48.67444845886985,92.07165424038526,1,1,2.568964486940817
89.71102599525771,48.44389276428458,172.91272190453398,0,1,28.454138567693377
88.70864242651173,37.48259158714624,109.3296440375577,1,4,44.30337063376194
77.98755458576238,6.504312006531599,76.08010979408193,1,3,61.71059444286563
64.20316461542878,37.913159796451126,195.36006570213186,0,2,84.99593305032053
8.413996499504883,1.2293458229400755,22.144118665263136,1,3,19.624571670616564
16.162871409461378,1.1061775764498627,84.50968566238892,0,2,12.55497898984771
89.85541885270793,16.18051095747706,8.404935034281058,0,4,96.34799474743275
60.642905965958995,24.432159520233288,147.98082415338607,0,4,10.80445593764071
0.9197051616629648,38.52037089038966,183.61531043983013,0,1,47.84910701071892
10.147154286603211,34.16476883032526,56.007465910097885,1,2,58.55637287933019
66.35017691080559,22.295135318837417,171.66833535982417,0,3,54.137442090743825
0.5061583846218687,13.681333314083293,58.44364609237955,0,4,8.603215703294321
16.080805141749867,49.856225007885556,182.15403232878305,1,3,5.702691400361937
54.87337893665861,21.30906511179865,150.7923807193568,0,1,10.548342746103568
69.18951976926932,22.569351216483774,160.98135536828772,0,2,58.55876838726125
65.19612595026005,8.181191059583458,3.6013111200909,0,2,54.43448876343211
22.42693094605598,39.740477437496466,192.5620714148052,0,4,23.374079203674427
71.2179221347536,34.68411128907443,145.33419841406464,1,2,63.777414184559156
23.724908749680008,11.03848063943802,60.95021907722666,0,4,82.00675020556494
32.539969815926774,4.119052280792134,165.8789329717694,1,1,4.157895984659376
74.64914051180241,34.02496510373565,56.304239682985994,1,2,49.81299435480424
64.96328990472146,32.72556071405676,174.5507679132256,0,4,68.93104121026903
84.9223410494178,13.662976349910466,22.516078082387402,0,3,25.23119270696871
65.76128923003434,47.543178112520515,140.73719549215915,0,4,30.77709052931491
56.830860333547164,7.552894589045012,108.13969532898207,0,2,61.36379029893838
9.367476782809248,21.616740052130094,19.306894039088164,1,1,89.7935293443737
36.77158030594335,47.18079600837994,48.37876565176779,1,2,80.99244203028994
26.520236768172545,20.986365846306114,2.480807255462958,1,2,58.31302190995835
24.398964337908357,31.92629738320428,93.75359309290117,0,4,73.02217177572491
97.30105547524455,19.879719898139715,60.25305215200007,1,3,36.482247020779866
39.30977246667604,13.710760117433502,119.67149685955177,0,2,64.09655280987577
89.20465551771133,49.19888239799141,59.44756154172344,0,3,46.6181591127557
63.11386259972629,20.46670031575215,59.98382230139694,0,4,18.993613645756092
79.48113035416485,44.70496018395672,148.63863974632068,0,3,70.17382738772572
50.26370931051921,11.497730294554309,9.62856719567069,0,4,55.646463734882204
57.69038846263591,10.655235201254165,180.57899903839746,1,1,35.86215819535914
49.25176938188639,1.556704144225568,170.45277487823628,1,3,91.13391900786307
19.52429877980445,32.58334126879425,133.56093664528132,0,3,2.0934117826733267
72.24521152615053,18.426317186188058,118.64431402147686,1,1,31.5773151249496
28.07723624408558,43.21791249198185,178.46049962793046,0,3,5.688139777764656
2.431596643145384,23.66049533457786,37.066035905742886,0,1,76.65273162216272
64.54722959071678,48.40967139573608,15.793832438165722,0,2,70.21074541137926
17.711067940704893,9.276275785156058,47.90203398190762,1,4,33.13522187363171
94.04585843529144,43.43115839778054,158.91565574003806,0,1,67.5662902207073
95.39285770025873,38.829842639587085,6.934053345296665,0,3,39.593722619594985
91.48643902204485,38.5460922322026,116.56136701669793,1,1,75.62537914224343
37.01587002554444,42.239161405844385,199.08750323826197,1,3,45.41836627367061
1.5456616528867428,38.05119954714994,171.13921876750788,1,2,41.22797278316656
92.83185625877253,31.31101608157077,104.2891378087179,0,1,93.4729915488301
42.81841483173143,6.562243884119379,12.728181857328469,0,2,25.087909989070024
96.66548190436696,1.6263089745625958,166.27470287714198,1,4,12.044733999656543
96.36199770892529,46.04239239078434,119.79570163544211,0,3,58.45431132594582
85.300945546736,30.832515726036902,22.986599411913367,1,3,96.93218122841789
29.444889206958567,39.826864548808814,18.77145696467124,1,2,37.783921372718666
38.50977286019253,24.076117575627503,181.92536388731847,0,4,6.203676362878152
85.11366715168569,5.865409448119724,133.84005258761567,0,1,33.93052673095674
31.692200515627768,6.259289610127522,165.8573598633511,1,1,50.593165431955846
16.94927466860925,34.27826436144857,175.79578005645345,1,3,16.19230066322137
55.68012624583501,21.515294744973133,114.35447040966444,1,2,65.8102218056492
93.6154774160781,10.026236335016836,103.48927035100826,1,2,99.77493890102006
69.6029796674973,24.579727337071844,86.08548206419803,0,1,45.17394759814438
57.0061170089365,3.2104468537567046,63.38931755822386,1,4,35.472855673021265
9.717649377076853,29.09857009571994,86.91919217174235,1,4,40.070416683446666
61.500722669916975,13.449670221754884,154.77593114603127,1,1,11.514617839520113
99.00538501042632,39.87795503185941,120.38468620302632,0,1,88.32736014262238
14.008401523652402,15.518097946178688,178.5046579909692,0,2,41.4825655521352
51.832965236373674,22.76100745409006,88.67600287583754,1,4,38.72744114248413
87.73730719279554,0.5810269954050318,121.4179157437508,0,1,65.96902729304743
74.07686177542044,3.622344389727944,126.26151061839775,0,1,44.203342093112354
69.7015740995268,19.62467782033424,118.3394324612651,0,3,64.8233468807846
70.24840839871092,23.996941735856176,140.52675461710328,1,1,6.144629013078751
35.94911512197552,30.001027405965186,47.48669367496126,1,1,81.37233437222274
29.359184426449335,14.583128935465162,102.47275550915813,0,4,94.05039528794026
80.93611554785136,34.74909430632713,20.844960561669534,1,2,64.8765386159386
81.01133946791808,43.00611985946023,76.90226552896252,1,4,95.45659288588108
86.70723185801037,38.99254944466749,97.53341372425288,0,2,15.143231436996329
91.32405525564712,1.9809412674178573,130.4448519090945,0,3,47.74161894803537
51.13423988609378,24.02534736289145,190.1062105172407,1,1,60.180673394544726
50.15162946871996,5.246508920908743,120.13021330967118,0,3,58.17366474211867
79.82951789667752,12.102250793126373,148.71878323531195,1,2,40.14617790890432
64.99639307777652,49.333129663357326,101.25321189904055,1,4,33.80844093662614
70.19668772577033,7.124777145075662,126.82080627526626,0,4,12.68240225504188
79.57926694361011,24.944407672567802,14.186443226754687,1,3,39.17424505622782
89.00053418175663,30.907786715905956,50.878316168369395,1,2,16.266081510548513
33.79951568515358,35.1232485272052,72.37061864102773,0,3,73.43656764922184
37.5582952639944,27.982434174345705,94.49867100130271,0,3,20.883093549458998
9.3981939840869,0.48854237095918296,9.129749100476747,0,1,5.856530528453385
57.8280140996174,16.323065412199593,28.004819510663538,1,3,55.236613781723435
3.5942273796742086,25.885582169235573,55.36286155826116,0,1,59.52297327194016
46.55980181324602,4.393324957241668,194.30653818021014,0,1,87.19130612805056
54.26446347075766,17.53134656045904,66.26940142061015,0,4,57.69816124176819
28.65412521282844,1.6601554395683282,96.4082116224165,0,1,34.54808537234457
59.08332605690107,3.928924857751037,39.219542547678586,1,1,80.30118815263205
3.050024993904943,19.846163810079805,122.15601421515365,1,4,54.027889318742105
3.7348188749214417,6.635787702153017,56.136643103194864,0,3,7.928028463119174
82.26005606596583,28.37704241307791,41.398515687685354,1,2,56.58505603132467
36.019064141126286,34.47324845686329,103.31452568919582,0,2,90.80185454216624
12.706051265188478,40.029334955454146,1.1011598320841642,0,2,39.631262549822054
52.224326005480435,10.007512212240504,1.5328065298450655,1,3,29.632580189980008
76.99935530986109,8.374129112953488,43.81376182037155,1,1,14.346945701802005
21.582102749684317,5.228392016720012,7.344272500164228,0,2,15.144552193535732
62.28904758190003,31.821512477181834,21.605150826138274,0,3,43.27714843418189
8.5347464993768,35.32378632434506,67.77212986775032,1,1,59.56798241615295
5.16817211686077,1.5793072412821019,160.51713591596257,0,4,8.061540516960175
53.1354631568148,46.81061231218449,114.40972867386017,1,2,93.95685890251657
54.06351216101065,2.5985641825736208,102.53354519128328,0,1,75.51336174451959
63.742990149820656,27.06481676505352,58.69776464162433,0,2,58.66239182836627
72.60913337226616,35.453025972545824,186.35074388656327,1,2,82.84386709389908
97.58520794625346,43.54845618730428,79.40300824743834,1,2,8.01867568121133
51.630034830119534,35.70434660662139,17.4185533591543,1,1,47.68388777331244
32.2956472941246,40.08640415348959,123.41330322356026,1,3,63.00931268616634
79.51861947687037,16.972509627140305,22.76767869532028,1,1,82.86529061182893
27.083225126207424,40.74125568732561,69.04462856033842,1,2,78.34695600492677
43.89714207056361,4.005742319233757,101.48238774356177,1,1,27.706924971339962
7.845638134226595,44.74083280302638,174.84450493703517,0,4,94.08801695592042
2.535074341545751,27.37961880768681,98.70931606802374,0,3,12.434584143087035
96.26484146779251,40.864888498124685,140.45175320633285,0,1,87.51336186211522
83.59801205122058,22.615914225915006,198.56336779981407,1,4,97.09402496046185
69.59742060936979,32.178884759826246,26.297823979596323,1,3,17.715352322262557
40.89529444142699,26.320133046805662,54.9463051039039,1,4,72.20660642037853
17.329432007084577,36.579476087766594,78.91521511952928,0,3,4.028551877799846
15.643704267108605,4.081499101529479,84.36563570776627,1,1,40.542282513915495
25.024289816459532,3.01760419952819,82.20421505310915,1,4,51.6283299197674
54.92266647061205,12.355161700507322,181.52220051131098,0,2,58.064522590963406
71.45959227000624,7.977234005659417,142.80652889337128,1,4,93.59372482485595
66.01973767177313,43.589178329610085,121.58104281814074,0,3,67.22506872941946
27.993389694594285,10.960699367902215,61.87454357255642,0,1,48.1277951219237
95.48652806631941,48.79326279095657,164.75807684425894,1,3,80.96750362658894
73.78969166957685,16.844789588555344,191.0121022969978,1,4,95.05328209544089
55.43540525114007,9.105895784434964,164.2396565100453,1,4,2.2066148682290843
61.17207462343522,39.484925357123956,0.31302103829458083,0,2,98.25212722560387
41.96000624277899,32.935388775043805,127.2802740366814,0,1,8.613213906368033
24.773098950115745,24.90978582265695,10.227076288420145,0,1,81.43867792687614
35.597267865126156,27.76817754688156,51.52144406674437,1,4,28.033475255141248
75.78461104643691,35.96008891361319,11.904940069554337,1,1,13.217965775387174
1.4393488629755868,11.422737066564936,120.75909058987754,1,2,43.98556397138349
11.607264050691624,49.816695802837096,137.31798269852135,1,3,64.39565794476135
4.600264202175275,48.73965810733915,22.897527613181023,0,1,38.0951845023475
4.072880231897013,32.516284317346845,76.7677766089959,0,4,5.456540828269896
85.54605840110072,9.977122546457256,91.2473017911084,0,3,59.94611396587166
70.36578593800236,34.01141212156457,73.81060435218332,0,3,90.24032761106747
47.41738290873252,3.609920448958792,24.20500009703861,1,2,38.32153659472517
9.783416065100148,1.5326251102903032,83.78955803749508,1,4,21.633277763082702
49.16158751168324,12.884144425560685,150.23560956168362,1,1,44.25773459328154
47.34717707805657,23.131147836965816,14.201532906651092,0,4,4.836271104878087
17.320186991001517,43.413625270419026,16.03600281638069,0,3,82.04875844802748
43.385164923797305,36.3584534883154,70.95425836719684,1,4,82.63408109501867
39.85047343973734,37.13532605999905,188.345142323785,1,1,58.800046342962844
61.585009805221645,21.27466672240377,133.71452934458281,0,1,35.31028889383895
63.50936508676438,17.296749627348145,135.73399133451295,1,2,79.97833644457833
4.530400977204452,18.551938149230136,72.383998167573,0,1,55.46870247883672
37.46126146264712,49.38247818680289,118.73215824170768,0,1,82.59323085500162
62.58599157142364,2.005459570624124,2.0262368055486757,0,4,63.14587925830206
50.31362585800877,43.35157480612243,127.21920928190843,1,4,78.44054732127972
85.64898411883223,28.93377042861967,182.65738951524736,1,3,59.856299321776
65.8693631618945,21.930770959479524,122.51469366896384,0,2,41.41410682156662
16.29344270814297,36.262883020756824,174.739718693269,1,4,95.79458599261376
7.056874740042984,24.333447071235142,144.79461109321875,0,1,54.11138248788448
64.24192782063156,43.67116190408303,24.11168328073805,0,3,60.50895185405384
2.6511310541621813,45.035093200562926,180.49066145716836,0,4,22.048763941474924
58.57755812734633,21.08604634367277,13.288768871154977,0,2,62.565078942727645
94.02302414249576,13.841389861752578,106.79349450955276,1,2,57.160764948294386
57.5474177875879,29.61751642966811,28.427424758691533,0,3,18.483839794702494
38.816992620652194,45.61816728083455,2.341322146180813,0,3,5.958709735314372
64.32882184423532,10.533109450283328,84.4068520255278,1,3,60.43593197147711
45.825289049151664,31.148329178174137,59.008141530831246,0,3,76.36922693503206
54.56167893159349,31.578011004626028,97.2000987595206,0,3,52.34013709220082
94.14648087765252,36.65565112076405,115.43997734691015,1,1,22.67726253196457
38.610263780077425,6.57838425636299,8.74781446178947,1,1,66.65219766930349
96.11905638239142,35.79124823410443,24.600659024749127,1,4,8.010572660960225
90.53506419560637,45.45162603328205,111.72847929008508,0,2,44.183370480195464
19.579113478929642,8.984155443512098,68.63347063453165,1,1,16.33667583984202
6.9361300875165455,11.877166246193882,145.8346975098896,1,1,18.445905105988338
10.077800137742665,48.56975470208198,130.45832971838794,0,1,20.229394915820365
1.8221825651549728,9.048847635474488,169.12087259798136,0,4,38.67070570439779
9.44429607559284,42.71925466847895,138.49856533384505,0,3,5.115020562039763
68.30067734163569,24.613892822401738,85.98621547802962,0,4,39.77934409290982
7.118864846022898,12.361553720158852,134.59332447888647,0,2,51.170744711470086
31.89756302937613,43.53749506362557,55.076234851083704,1,2,48.329428496632524
84.48753109694546,22.265262750133274,61.26269975564254,1,2,38.27841004030405
2.3271935735825866,25.74086769648451,157.79703198415865,1,2,83.91466080707525
81.44684825889358,17.961668469988286,89.28390328031644,0,1,14.53266924205041
28.185477477339994,29.64754257174637,159.6760681036705,0,1,50.5696743781374
11.816482762165625,8.176193629251138,164.48447473365567,0,4,6.20414169565543
69.67371653641507,19.554076832588034,171.51246753225675,1,3,7.1155678877909745
62.8942846779884,48.470616116764376,183.32704716824145,1,2,57.38658496770963
87.74720135270529,12.906671635056377,86.19704410265925,0,4,56.6018424887821
73.50710438038858,32.83683322706461,63.773363664227766,1,1,87.8033512844457
80.34809303848486,16.259503211234744,116.43974931882278,0,1,55.78736756600732
28.203457257130648,38.67365628433003,74.23448468752551,1,3,95.97910204048502
17.743954377972283,6.543683035917491,120.2148333600466,1,3,4.869484839992976
75.06147516408583,48.491052253927236,141.1171725287649,1,3,9.800768478074106
80.6834739267264,22.68947706918196,137.68100369842736,0,4,4.40658615703814
99.05051420006733,11.802523167323198,74.91057740402427,1,1,18.527685033354004
41.26176769114265,3.6748373665006326,33.37204033975056,1,1,54.12701109416781
37.201808579278314,8.487895254377037,86.1058676924415,0,3,64.5572181427428
77.64129607419969,25.988697427800883,28.51882881638175,1,2,4.55851579486688
34.08035402530179,16.850158821564314,178.01940703676166,0,3,94.59708898455993
93.07573256035647,41.44416829413047,69.17549214757148,0,4,84.2165376650381
85.84127518430118,21.544376183090296,30.891949444664757,0,3,29.661248215709314
42.89940273750184,12.435713629381496,5.0895519811501755,0,3,7.718753022646796
75.08710677914974,30.8572493302015,129.16447725729685,0,4,16.98870732190573
75.45428740846823,35.33886084427229,127.38046349094864,1,3,12.694441375497266
10.31238688359326,8.352095395047494,68.12083331625833,0,1,12.328377929894685
90.25529066795667,8.380960814415882,14.342377769530202,0,2,51.85616886657339
50.525237244785714,1.8335713466771486,81.9257789790464,0,3,24.58474424934003
82.64574661077417,36.82010075328203,62.24349901267872,0,4,35.81397165291445
32.00496010306117,33.190226381090255,135.42412794700186,1,2,98.95053333843225
89.55232284962005,23.731543787490693,121.15584989053806,0,4,68.43142489253448
38.92016787341631,42.20852244845986,72.918745639508,1,2,94.89806670470014
1.083765148029836,40.28350764750266,43.57851085099802,0,2,14.255655503311559
90.53819764192636,29.267718219837608,197.60719323111837,1,3,38.21394748325693
9.128667678613356,43.41356402566293,90.80032423922297,0,1,55.47318032823543
31.93136375904149,10.292060501838412,137.65484715604742,0,3,7.675806188873802
95.0061967050805,5.595980969886394,28.110593515672157,1,4,0.41874436279578653
95.06071469375561,13.487480575849482,97.11793993187956,0,4,67.04343337969175
57.34378881232861,2.854342804465743,5.507343973893097,1,2,64.18195168014353
63.183721216979926,26.5584764000516,101.09102358208999,0,2,41.07888099996118
44.84455219783198,46.830284614748074,192.80348142354046,1,1,48.96440760320326
29.321077169806454,1.9671770334254823,76.84134259716005,0,3,41.54430005920896
32.8664545369916,6.10549570050134,7.799202514982317,0,4,2.4005044844888856
67.25184560770384,22.609951414171764,6.191158183868706,1,2,33.537160621746246
75.237452943768,46.69375087639524,77.59735198937389,0,1,17.708225539728982
79.15790437258485,15.807805248837525,32.00498729263881,0,4,9.842418910136875
78.96181427945538,25.361740434419623,4.670419265637182,0,2,95.67204338893498
9.120610304869036,2.078642952519605,151.24272279003537,0,4,59.935972504216565
49.442030470258146,7.417160048104443,91.70460177637814,0,1,72.86562842366027
5.755876001664428,49.33150614794234,57.84895439453091,0,1,31.53637432661175
54.95288823237355,48.25593482180228,180.01663660329615,1,4,39.31471294940152
44.1530501373377,0.24699904672048079,23.227792040105122,1,3,23.692399389672346
88.77041827582998,47.590589271161946,191.18376579106385,1,4,9.696567096542474
35.09150125520787,31.95599689077502,62.793343475470564,0,2,17.90316374415838
11.706701642760587,43.39591472600111,177.68073446173625,1,3,79.75140452964858
14.299168205283586,22.736992781692955,120.58857529589231,0,2,67.75458051837758
76.15106317174723,25.77980142896251,165.34147194829748,0,4,54.69288759854769
61.82180633162611,24.44232901284601,196.80263264209285,0,3,47.508987286676806
10.112267612279025,33.34321287730522,57.681087563749145,0,2,92.24342836561244
8.410680611499743,6.982562737815645,192.2270970815186,1,4,7.273494777866841
70.096913145912,1.4986794936338976,77.89637898048407,0,4,28.060081323791596
7.276300636419353,15.396497079559545,77.10238094738446,1,3,34.9937853570714
82.18600592903562,35.23403813683233,68.07742085090113,0,4,78.24258122127878
70.62422271564962,10.092672606147419,108.28152146951705,1,1,99.25146201619714
8.134878064189976,33.67162166624587,30.82900863569742,1,2,24.067051475715306
8.483771408519193,48.49560230536352,110.74229707160224,1,2,87.43073341370805
98.66395785011754,4.69503578947092,108.3409624820008,1,4,83.06227604317912
37.427079575612034,33.630105911256315,152.380362520974,1,4,22.46573976417666
37.06421470668909,22.187510965228558,166.72999238751711,1,1,39.933258019922256
81.27995672575025,43.40711271887527,88.08827006248481,0,3,40.96728692925191
94.72485773838586,8.857489472369295,60.46664987029875,1,4,97.82206685265584
98.6001063822871,34.63129761130823,51.86697946341889,0,4,18.089190137889833
75.33781852589416,41.90576448240551,38.924767340974384,1,4,79.91579711047821
37.62595855309158,47.230710973701164,11.529516439804976,0,4,33.419271417310995
8.350071669866876,34.16240141448229,68.48959576694267,1,2,73.08703457761604
77.71469159274368,24.858738200421364,54.04953842615665,1,4,42.001100429566286
55.840424973580504,30.892362010060694,193.28347717328148,0,2,57.835976311654
42.42220092469763,43.44524922393591,111.54176525000878,1,4,83.26117733261312
90.6354385094736,28.530487331941483,69.4554078061015,1,3,80.41655649838842
11.119748230615134,1.519352984841843,116.0935201987392,1,1,86.64231835397001
49.262510429085914,46.54743477534889,27.8393402691391,0,3,5.961732534465902
1.1353644767419069,34.476337551578055,88.80874984044058,1,4,69.20505530397449
46.86606419941263,33.82566928886233,125.24686428421276,0,4,13.998737672176286
5.630327568183735,10.783757619885858,97.77956635849027,1,4,41.5818568018411
11.881791626807193,32.94427351163286,80.35576013086485,1,3,54.858841505468845
11.752624677710488,19.693220282707923,198.76967777993963,0,4,40.273948474683074
64.92103021160635,32.561648852074605,176.0629524297854,1,3,51.961167580300746
74.60448792654233,5.3296515153995365,124.68119163188803,1,2,99.65263087986192
58.336876509715964,32.8922652301518,113.87547223645656,0,1,13.521731371285473
96.21725484745419,49.97068628853333,124.13209596491681,1,1,67.54560453364256
37.48705795237041,2.4106019430278014,40.26242156448665,0,3,39.600096638561524
28.571208628186074,48.858709211065865,79.02754865286371,0,2,13.300979890732878
86.85991281894603,20.345398036143532,7.891906578179864,0,3,15.873676337430954
22.359583851945263,43.537672516862955,95.10920749736533,1,2,94.92731062456168
96.32225394406113,39.11927420291367,108.60491679153263,0,4,87.9601496711762
1.2154474689816341,28.35081304933339,45.54994722064192,0,2,90.70419604150219
96.98788267076391,36.92246046256633,192.80576943310274,1,2,99.15327758273865
4.315991195057611,43.9257780650674,181.8909221874484,0,2,20.831539000851794
89.11431136980711,20.20701608255165,144.42864709118118,1,1,35.543933736406174
52.77011090862999,16.351658078161936,106.67732575307252,1,2,66.92190299248666
99.29647961193004,33.379669278179236,173.99383192953698,1,4,48.38025398606472
7.379656473539886,40.39229709706293,26.130468764692584,1,4,41.83895333783335
55.38542844013208,38.11425673883079,158.101958854977,0,4,35.781124933559305
96.9302535619099,39.89068244293173,24.96416279336966,0,2,59.37806319434522
52.30978441701488,21.77916574064665,158.84213250988108,0,3,57.5593428640082
62.93986381352625,40.89171080875108,55.15351365027139,0,3,16.14578340642401
69.57486889846172,6.010452768530422,175.4181162036378,0,4,47.173983751843906
45.454106476777326,27.224454898042477,188.80841876507958,1,1,55.347177620984986
62.75580800840635,0.2879330249060785,29.759193881023126,0,3,57.02869387313905
58.43143119231002,16.229291495013516,92.53512101307871,0,2,21.01071929123518
90.11580104909889,18.323076743569892,196.19747563253702,0,3,74.22713922522868
4.5446380341457875,19.80863458046277,96.68148719462933,1,4,2.5199094821069634
28.096318959223034,34.773360334493105,172.70950450290903,1,1,35.483185554316265
95.04114840765587,19.427905063517287,117.74630442626398,0,3,78.02126485356335
89.02637838909163,22.43468113112653,75.06598158392038,1,3,56.389292105540235
45.56567527857129,11.877206543716373,57.15671110517404,0,4,26.116243251086026
62.013259780153675,18.662589581467003,40.644618217217456,0,1,69.49531193430477
27.738118298113267,11.363481363157574,152.35963827553945,1,1,56.73909441560734
18.81211597237613,3.659796188422182,77.30810136460558,1,4,79.62436094563871
46.36984049399822,30.172429669068894,102.25509244015024,0,2,73.50251861898234
35.33522280260528,33.410639927750815,98.46509600023639,0,3,61.01079220362347
58.365611185087204,30.974517300480723,115.45580584662625,1,2,48.8177675310814
7.773463696498483,23.17470219002862,173.11542912491043,0,3,13.31821256675234
97.43948076661665,18.989289008961492,196.14786871668588,1,3,26.133301788538375
98.62107444796028,43.16668247859126,81.51684171476339,0,2,41.90994729170853
69.81617140197451,25.954089256810903,165.5037844212606,1,4,59.92992870063887
53.60963663441204,23.95909388148655,152.90555893094353,0,4,51.37078552153048
30.952761628632775,1.2821032903217844,114.70579029111465,0,3,28.818452595952948
81.37950197069486,17.06239138130782,191.20942872238663,1,4,0.6464357789710551
68.47311725538793,19.009780939292853,40.09490310568056,0,3,49.623922190081394
16.26169393448913,19.941139044845023,21.85284206192428,0,4,28.56259885622431
91.09271844938425,29.008618461366613,170.79239339108443,1,3,73.46083007105351
82.2537242923169,26.680127336343922,87.82996332674966,0,4,2.394626527048349
94.9799913291924,30.39525463967223,169.3937708414121,0,1,58.482781130579085
72.571950838836,38.244163077106414,178.61804103908298,0,2,94.14742375060654
61.34151959357899,40.649286935804675,12.491518723814288,1,1,17.440926711149952
41.82430362906189,35.90615381132472,176.69295259721213,1,2,47.16494907505954
93.27284833540132,47.77618479774674,89.66381107388443,1,2,9.142199181713817
86.60638895004084,0.9116291338180815,102.08649780084644,0,3,62.56819122613526
4.521867010618941,9.788899284177305,125.31850221864205,0,2,55.05316805962256
2.6366974497252005,0.378143748907106,185.27652134601735,0,1,40.736552421283236
37.64633668780496,32.37373570773015,3.823218885952806,0,1,52.13770214737412
81.0553330781833,44.90152744749935,95.36869366356342,1,4,89.65746584690102
98.72761293149445,12.174114828814965,137.54440848611213,0,1,19.629430231106703
15.041689110352818,46.35172723981533,144.5413915396457,0,4,2.2564511705347234
59.41307153521351,3.0133695144780424,138.5064863074216,0,2,86.16648846991009
38.08908566310215,46.72180134027572,26.88702588162437,1,1,57.71170823879065
96.99143978146031,17.58113436198172,59.87911767433624,0,2,89.06584554618424
84.21189231357087,5.071041422460826,71.7431050834027,0,1,59.69452234131726
83.83287047111378,24.29358795931628,160.887441535901,0,1,81.01610899597024
46.86931597949703,12.838828386025398,55.751974482910605,0,4,42.967336335514794
41.48195023376652,14.243645098096142,42.14099277344063,0,2,74.98599312882688
27.340707193070624,15.364498246314328,191.48960380761923,1,1,91.3041466889856
5.6375496650927115,40.15129489163317,1.77265702269378,0,3,57.21229637222063
86.47223762550531,26.958063833762726,199.56417113639563,0,2,18.078515056237954
81.29010091300776,15.565384957800182,135.3642597714791,0,2,26.879761503019818
99.97176732861305,30.51668916554592,165.69385988982341,0,2,19.86445768974058
99.66368370739053,35.80753371115968,58.92387926923863,0,4,24.685702759573292
55.543170560262745,13.631200036676688,2.8630555334119956,0,3,30.64154493510364
76.89874151805105,20.677455076267577,147.57390371230602,0,2,55.51337867531885
94.47657298824281,6.0943046668473775,166.82891940013516,0,1,58.79916294638328
84.96473906774115,9.057467476734015,148.09522639070383,0,1,42.649974724186116
24.734810174319765,34.05589269824914,28.570057460167718,0,4,61.54207798208354
45.05441353100935,9.071917384781347,150.68558445139382,1,1,8.157492561136593
12.915941515149498,26.258169183353008,153.7845564215282,1,2,8.778823705815997
95.40510272587224,35.452313086121634,131.70810313401097,1,1,17.182946035765845
60.617463445088006,5.343846154737192,153.22318655911724,1,2,51.80774980403447
22.864280550346272,28.365610981445176,169.18428793554642,0,1,21.399467869831355
67.17006844058567,12.828139185068189,122.72082284749169,1,3,28.328440349257733
61.81282404578958,48.14634376187899,17.720942793935812,1,4,40.03128361729941
35.81627180328405,24.177282335996235,97.52556193344218,0,4,81.18661240103798
11.355759219962902,40.299627488757906,15.529866934321014,1,3,1.3862135912860118
67.15731955927996,27.511327107813088,81.50860620648616,1,3,64.93788202366224
52.03077009037933,2.170626642740958,81.42129782512552,0,4,66.88765310406853
77.23183917356393,31.657568779701116,13.201968828048315,0,3,79.86557803566366
52.01635011119934,47.570167110332854,69.76410679389586,0,2,93.27529390603132
85.21815003185401,30.08059100731656,22.19961975826297,1,1,2.0137848949289827
55.190683877448556,40.95944297133951,161.64704200184443,1,4,15.378370551321618
56.093797153538624,44.21032316742039,189.53760519289415,0,3,88.6171294055993
87.66536026583451,11.403988597446624,14.463295051587721,0,2,45.851856218701535
40.3482866212397,10.602241995411333,191.0230414583403,1,4,56.459063893346354
13.401522845064074,30.549049442549585,104.51531986734904,0,3,66.30272037231474
2.8782676313338973,20.551423490335235,59.91313559077478,1,4,67.90666044956374
75.5137255673619,41.99306514333602,15.372415055232702,0,3,93.17404033165082
62.03095513534647,45.00115616990056,100.12485361408356,0,4,99.69494174116697
70.40797680992236,17.671068965135905,158.90310889814972,1,2,72.01574609309402
21.296416150891073,11.843527948724104,141.41729545333962,0,2,28.72212092051508
13.637147558676975,39.026275762193094,10.045202292794752,0,1,87.97524022943436
1.4544665667881929,13.740301777406804,14.580367073580703,0,4,4.922091454076161
35.058755880659696,41.13071592568392,80.57465652652742,1,1,23.10808528744962
58.991768685463306,21.18691268243814,59.05809880958866,0,4,89.73857174637149
39.22440450997323,33.37749496457352,46.476864611209564,0,3,25.619151443935493
43.747492202372904,4.776765691733409,56.20089978174272,0,3,22.065105962174847
90.41586944937484,31.19296623382865,160.69654865937693,0,1,13.812529314024724
34.82554670233004,22.588383936861455,185.84561072637078,0,4,85.91117576469165
51.39894891598108,29.330423158773705,81.02053890551329,0,1,50.00582591910867
78.3653012741143,8.400710387243171,181.22220042649943,1,2,67.48932030541548
39.65427823212701,36.843687247209104,64.2991402495764,1,1,23.906638407502967
62.20867002278735,43.13985387716143,95.28739726875833,0,1,75.80404210112165
86.23637087467452,10.836990004538782,45.205799563199946,1,3,76.00055449620984
94.9520623657642,4.785727776008086,128.0952084351688,1,1,31.259802490830012
14.707348092903793,1.1819293023168198,195.79622303496177,0,4,41.06826330102828
92.65876251614944,32.0985750221633,120.69861920867572,1,3,20.969027743020085
49.21162930795382,30.35470180443904,71.56281682270978,1,1,97.65610233229043
25.824438829895836,27.334870635703503,129.56348919810569,1,2,64.56025770584117
45.913575623826134,11.597354805798771,24.584135693077513,1,1,93.45438807155155
98.0032575285477,19.545299795275735,177.73181605307974,1,1,30.338554362913317
49.26180939928696,29.72381675930865,100.61679015596727,1,1,78.18909129968897
32.875161028750824,24.83834294295847,89.86994840792842,1,3,76.5858643884742
63.34008543167258,49.38927601074437,117.17295769070384,1,4,69.16556518665415
24.014561877819308,6.8219876278366565,124.9567725578805,0,2,96.56389752668004
7.586332810866391,34.75722770237969,14.355161245302606,0,1,39.355533610631554
12.887972191064922,20.215938405214608,136.5234442446805,1,4,13.07173235897573
12.804583895777244,21.409980746280738,48.386336063105915,1,4,67.17088592440608
15.190269351229436,35.87988828290881,142.79052650131797,0,3,72.93098004772062
13.882717264941014,34.62180756621848,164.50695887683935,1,2,57.506057345881466
64.08747448032146,49.56279968510942,160.79170151050405,1,3,20.681789313339628
18.188008439914483,6.419714472706262,110.50019348157782,0,4,50.445594166935535
34.56672833238632,5.205482469208317,104.03397846215023,0,4,31.21897365691294
89.67884099060119,36.216940856437056,28.575192267882343,0,4,42.746652816668906
47.39616402628724,28.919345850320454,155.0692300806271,1,3,64.52185758446639
66.75577385210272,13.708033327990293,54.28187608934287,1,2,74.52147426908346
17.231987120162984,3.9709684494493303,99.33908456358931,0,1,23.22246909013431
19.228901880867078,4.282912479821527,56.85481858550334,0,3,40.532536064695336
4.086861626647886,44.70954373320591,26.76567259993863,1,4,26.91615709916292
16.893506307216455,9.593366235937145,125.91153937834731,0,3,19.86316138618691
27.85903390319586,16.16857810577604,10.866406964580765,1,4,78.33872199958384
17.70104842767468,11.3328201113494,149.72904682524,1,1,90.92526944369924
8.87025337570556,17.749815291596864,63.517359052223334,0,1,37.02321856845767
12.06358711006008,3.4711921373046684,0.026938600897064013,0,2,75.12789243737669
46.077876803272574,25.95298954541352,102.22582784744596,1,4,89.69952893644111
20.63337184057925,3.380628179610745,9.370381705520625,0,2,84.61242105302316
36.42698610480755,40.01782539111808,55.23391156417989,0,2,18.28133885392259
50.34172708548569,11.68560409552165,141.39529749114322,0,1,95.62918815133614
69.03948286293652,27.00059573022553,12.537924324373172,0,3,37.66764404294625
3.9312139841098936,44.00395437807291,167.86769847120047,1,3,33.92406611738363
79.94103989090426,32.54386845235971,0.7639845317166216,1,2,6.2431327277780335
62.79003894909078,26.647889327566766,49.36477384038045,1,1,48.6173654104883
8.17590319488719,16.21668765576878,148.1808112304143,1,4,10.90136156409287
87.35786241067773,16.650095652909897,63.254029945861355,0,3,24.853982092742598
92.08724005318132,33.474347759909506,20.378477613202705,0,2,31.694262176728138
6.107795985486375,49.706968061058376,72.04678376008557,1,3,80.8826323491684
27.687764814720374,33.09195949246893,54.078657276905105,1,3,87.54886503958966
80.62012797930613,27.889170868501246,168.54238043211097,0,4,30.246631746146967
74.82596903836584,36.532525511962305,62.66958351702863,1,1,85.86981212445738
18.45210193563773,23.26028061418591,157.78649435520146,1,4,85.72309373697911
20.93493233367103,3.0071171300392607,178.37442896214694,0,1,76.46509503848735
37.0472102791382,28.11484079389549,86.76348391530591,1,3,14.669511401518154
48.45229851910213,47.88126422526901,181.9886287708784,0,2,69.0322846900729
61.825477153029595,8.765147117882982,75.46361079263858,0,4,94.50240645805688
36.891363956977244,34.50024454103329,192.81568329802164,1,1,68.2540478767157
46.25347161331479,10.046684432952823,17.857904905114587,0,3,33.16168491078339
74.74709381337566,26.791384223654063,137.40385330064854,1,1,50.05793174308313
3.66832028905979,4.8338224823359806,98.76280809138574,0,1,64.57250433510536
25.243694434402077,22.518546812909257,77.52976109112942,1,1,51.05704087285036
71.33495858845524,37.80816644476231,126.54237574972018,1,3,11.995294173096982
89.52068376871993,17.378576211949103,140.77141832686624,1,2,31.206404465202063
51.167744211566614,33.2455862243609,0.8726539300618175,0,2,80.23960305536325
53.211348526531566,39.77249803948646,33.39061774943974,0,2,86.14180460955174
10.717201133977605,46.358890973972635,142.60921012686373,1,1,13.730003271557024
44.741236682345466,11.732104092772676,133.27708271564128,0,3,95.23867523987246
53.261726645502314,19.965795790465407,193.20950102573545,1,1,32.88226178486093
24.247050363472965,7.620800666520871,152.2075580501566,1,2,66.231373873072
26.924323094938096,49.62417510791876,190.1545415462676,0,2,75.18251459566811
37.728416310462265,46.35004839621477,140.50810030696138,1,3,81.19462346378835
2.007119777772637,26.99785651402798,59.61044172788863,0,1,94.57497022259301
32.20791655831783,42.10166471882106,21.072984450171294,1,4,31.29195480288226
21.144800699654464,26.04789886360211,156.36477266898711,0,4,85.85064545515544
32.74973521779147,31.179284400137984,128.8298442951832,1,2,13.168690343620703
11.976213181925122,4.456221605800831,9.637202478659246,1,3,70.50409063535928
89.0527280739895,37.763521024840394,72.01009318019567,0,1,74.19777295139859
59.359245355404866,6.3856741817617415,191.35996309685723,1,1,67.77232412013204
67.91023191444896,41.303381512626416,100.08022914204024,1,2,25.2314736135153
78.91712386073382,39.101404383519295,86.54582720394093,0,2,87.30431470152034
49.84421989290573,35.43723488714882,91.5399210318588,1,1,16.8858463370395
8.69202880874237,1.8080190262381057,41.77654480103274,0,1,5.363479152083084
53.71065418185478,15.15641779726643,73.74143417295905,1,2,71.74649906119122
58.68411180208791,13.155628495542143,73.96265119743532,0,1,47.54757152327337
74.54394741843299,18.006820373575955,10.471004037494481,1,4,84.90980199586761
43.16595462296794,4.382137338191927,153.51352570358364,1,2,38.3397141058259
12.758030279556376,46.84789115155314,83.3008863807758,1,1,16.827858850771282
28.377590579872447,27.690112035618814,164.43597736328465,0,2,83.64421924698698
36.30822963986351,15.276215532901178,170.06960022397908,0,3,54.89096316400717
64.59172413316013,19.849075853714172,42.39881093973161,0,2,18.91957923903549
57.077830466891186,22.360127025241784,131.4706964340257,0,2,72.03839985864458
35.60967258978462,30.029716668030865,94.45636083259635,1,3,51.111363848950056
98.65152487929797,25.783971384824888,176.031347584297,1,4,60.431298224031984
60.577481935688716,45.96959866072087,43.14813583529082,0,1,46.089833820658185
23.72267917359945,24.848174145291512,135.56264006200885,0,3,82.87089838180064
10.178247262040374,49.607900741165636,121.55042445054451,0,2,82.95627156830498
15.285913918433202,42.571247887254785,59.06029551436656,1,1,70.93888218243862
24.595772838450813,10.42552571786679,27.320180730234522,0,3,10.540137739646227
16.06813732595557,46.52976073219581,130.32795209545532,0,1,83.88538619040689
18.656702405130577,5.818319894273804,147.71949162646615,1,1,67.10129805329098
28.50951686938471,40.87248542455958,63.12546875267,1,3,69.70241660042996
17.33735952947548,19.031164673829004,128.96652080446276,0,1,36.298284040387166
89.67654246264252,43.898716022253474,79.02618152230065,1,4,87.92795561570067
8.023374566164222,43.40283450537252,142.64137665652353,0,3,72.53716002348575
52.451138957025464,40.296270005881055,39.84305497881062,1,4,11.259046652919446
41.03968269896615,39.50152181535307,178.04300052723488,0,2,40.77780344061627
98.23786169086064,15.23395695490204,57.48191929311594,0,1,88.63803619601417
11.203890216805235,4.045964152562609,73.55719755123059,0,2,4.719670169737899
39.785559904574164,20.149008938258074,11.618390416069957,0,2,96.14166196420496
96.94704332753689,8.676225749325434,22.30244246425528,1,1,67.91625683195628
86.55071258939803,34.747554445123086,103.17238054246562,1,3,63.13759776433766
81.707207094928,17.304986326889278,53.5185353455943,1,1,27.05592564879914
25.790282704493983,48.78051004299574,167.0960451484389,1,2,24.879178873917706
17.088758739006582,32.0486038672666,2.9386777309907686,0,2,94.20582194885955
66.8643219924431,41.124028181718046,75.81880973438724,0,3,29.827245423412275
92.93759891275857,6.6262336370924215,67.46910935381854,1,1,77.55052967189994
55.67628930139298,43.10072411363113,3.865526183520207,1,2,39.31217982070792
57.161268946989985,46.13785952566972,24.873679800102046,1,4,13.925407078470398
27.997909366028416,24.353095940946794,82.72853498372706,1,2,1.071529769535895
76.94929331919369,30.312646887548873,98.57291688948932,1,2,54.42573370152508
18.704374855752338,38.24049004514977,80.85794945097382,0,3,97.57788185489326
32.367923640424365,8.741931363020628,106.18753568241877,0,4,36.91361938092045
42.54364386164168,25.12830382317212,119.0263349811363,0,2,35.719233399304485
50.7610378684455,19.933151388615656,1.984764225567126,1,2,34.40916178494421
24.240973241508023,7.318699608112455,92.81903189070077,1,4,52.054383730485846
11.483682473920354,18.376721114576572,192.69984817751765,1,1,44.06648834242935
61.06200424416326,3.4086154692746784,103.80645602590974,1,1,87.99146267270145
28.863055324025577,1.2905953474743492,135.50845349179065,0,2,50.55207917234903
58.123822142261226,6.758314457741138,62.37277158337664,0,2,50.77578381885688
15.436271527420232,48.15575557945869,154.7982756305525,1,1,13.83715947205566
48.114010185481746,27.476476794750848,154.584296375223,0,3,98.27395409103859
53.258943255158584,48.291108057661,104.25920953082779,0,4,24.99728908688297
5.182353682242691,21.6248939165066,195.2027646558427,1,4,7.336406745960266
33.660427819392055,15.590806654262979,25.110042952530677,1,3,66.31462489752089
13.441467693897424,25.307093142012206,3.3895329779161987,1,3,59.53663701568727
6.337497047276774,21.975584431645505,154.0316423514192,1,3,41.514565399274574
98.99602323899452,5.283234213087196,161.43110747297652,1,3,42.2192233880678
32.235384497472296,32.04131573451031,24.04144582411525,1,3,78.50639210464311
80.98744458546349,10.80190912547998,53.11656659172122,0,3,19.571264009964906
25.464065476376383,30.97939774489148,3.510472673325782,0,4,82.02533189448897
68.15027222239293,32.51005461990767,58.66172215611294,1,3,64.87471138950181
76.02278598896865,7.601242656432405,154.6283747837343,0,1,41.89697737795244
59.56387406078443,3.067481355533408,103.59210554251578,1,3,45.80286165838686
47.15761885501584,39.03807930342199,69.61911863365762,1,3,25.66472071860958
41.18409141472685,22.99002118846601,74.34785898126606,1,4,75.21143326969748
34.88682665429953,2.9081897752737893,0.2707251430936308,1,4,51.287474230526776
92.95291442478259,49.74331585848836,59.96010551304718,0,3,32.08545427498436
83.06194077877291,2.889028049818332,129.2917483275861,1,4,59.60501157609502
96.50269106665125,34.75176144292766,194.83888876327143,0,2,99.5734452051323
12.429722348554472,49.18394626317068,169.4121653967799,1,4,43.52622796565539
73.08674752036443,11.959005210796281,4.718992929105825,1,4,92.06914007786196
93.83404568210378,7.112468434359808,179.71212093496786,1,4,34.50168399245661
18.123306616566015,6.069246971121444,156.6396826597252,0,4,5.4732706924985886
6.6496267366777495,15.163757378379778,156.07522471419608,1,1,20.424210636842886
74.11206492900591,5.052290550532335,91.5991518007143,1,1,41.86951433276842
57.44731131799119,34.6080670847066,79.60105859090056,1,1,21.963492859456903
84.1828776758272,3.1145899065031344,60.58314576663852,0,3,0.02270382182555375
13.97723766262895,25.471106407489486,13.138971790873155,0,3,91.50015377475272
79.52673118598902,49.83484269264884,45.64707269873982,0,2,84.3879411230929
20.162732004774455,40.69851347530094,49.32072699560492,1,1,74.22922314869471
16.36559428657045,30.760971911550545,96.81541394204032,0,3,16.781459564602862
16.426579793099293,15.312681039330583,149.4888813193388,1,4,12.036357620998606
81.45747202313821,31.194791814581922,94.76196567958932,0,4,6.760474947238315
66.51972206962002,26.35207319558258,11.568889889432121,0,1,72.40291887729212
52.30654247691193,21.304169194518575,191.55796019764077,1,2,92.88079606878853
35.88304841235025,6.535518837009974,188.54486381882245,0,2,43.053582091303696
87.72005408131082,44.330210762023334,157.03790862968168,1,4,11.914067199604816
39.244510742263536,22.489232441066125,198.26558031284412,1,2,51.23928207321066
81.65994394715771,9.731125591038253,108.89646656005259,0,1,34.88319074586301
43.91349085702184,18.38796754386448,192.55367005064122,1,4,37.48249243499977
37.69444294249076,20.70648762644635,15.121008123350155,1,3,62.13306241557073
46.26797856696064,41.37689477834371,73.13614965227427,0,3,71.87181132622024
30.13778741641421,36.6807190280701,45.076253601353166,0,2,11.060359887316086
74.76093801762511,38.46524468206699,39.166616826854,1,4,3.5590230806476386
50.27203900924791,0.5515632214323607,28.16058977853522,0,4,99.43303026857149
23.22126951468173,20.807699908988077,124.48272831319933,1,3,23.272834891555185
89.95745732745685,24.06720758176618,156.264371149461,1,4,5.383052490845907
38.38912213732114,0.9596138411528343,115.65967988407213,0,4,18.987532909591998
54.35528611139886,12.99066043725171,29.392541917641935,0,4,3.895784634846422
90.6472110964547,38.01449115610675,162.22475398669417,0,2,39.181089461717164
62.42379959139921,6.8554852864499525,127.1909414327457,0,4,80.24017844513243
11.689804070836407,26.765506572629583,77.6331412253991,1,1,34.124444975772064
93.98321236134751,10.760093600861875,134.8260591072126,1,2,44.418340687836654
62.770805307141785,0.6060387321946636,51.98099584856657,0,4,67.55867735674389
33.49056146570861,12.060072879977074,69.0384416988421,0,4,50.889407006988016
13.927207266338726,48.79368774550269,183.49716862639804,1,1,86.14456860213242
79.4025189270296,40.07685559414948,58.10090113428408,1,2,86.60356750457565
62.00727559285135,47.97883221605167,93.99765363158733,1,3,0.9910695491153643
53.34610919763215,24.392702196318123,178.02822747920294,1,3,77.80463064831991
89.38925830509577,5.4868099338751755,141.5442700535055,0,2,46.073360024167386
78.85972112245308,27.397974448684646,12.44064523294055,1,4,98.88405413036631
15.167487973275119,22.718866727998044,29.460608855794067,1,4,48.323207587543514
31.172206779554823,42.2178541369808,1.5683181543833635,0,3,98.68959453882975
24.848913981446575,4.904129039212229,126.18435804583268,1,3,75.45693612057366
74.3946292572677,24.41205685108891,89.53468508208367,1,3,24.860488461330633
3.353243473577938,7.502433234699213,26.854970180455105,0,1,53.83949792869577
56.98896848713165,16.233796344503,191.5868242113541,0,3,99.21356394785828
76.24586857406905,36.86785386938998,105.93194478912397,0,1,85.75306077519237
87.67656367617495,23.800906468438328,48.37865882257783,1,2,9.73668937912211
34.20817487159075,18.794414257288466,100.12071423094152,1,4,70.6371996809996
82.12573046720128,19.723813928501766,135.92406654702157,0,3,34.5579585870813
11.063173695520723,22.97233842029933,15.247843594712895,0,4,0.6982261880348117
84.64522917345182,39.25082719185284,54.9407630095784,1,4,40.34809690269996
12.748866233198243,44.60423444701172,161.39309817679873,0,3,23.47544217249713
39.72872905603673,47.76673432519642,91.93297408053225,0,3,81.88692705204716
79.72953657795536,39.34516931276475,109.31542840645898,0,2,33.733060884576545
14.991742734877377,15.770344787400637,86.56320044189385,1,1,82.7523693953817
22.92513952326415,34.40673530432711,8.779988528601024,1,1,0.05979388347953085
72.22525683930662,21.880156202769598,33.149955964031186,1,4,30.781915002611914
72.00365365460743,12.733531102302559,89.10832774837817,1,3,24.116521430776196
64.11476328852973,42.04357897129613,41.837093081585564,1,2,23.3567361068611
69.39484444671,1.9213174481162498,9.995805731935747,1,2,6.81866197654627
54.27244433475962,45.08809960677117,168.72993281036474,0,2,18.712427041050173
25.179905890695274,23.073873231236707,196.23850583282317,1,2,55.55495698856199
34.56959935039195,31.86007384041402,158.6285747993479,1,2,29.13610728377445
18.159771680142565,32.96769611028913,170.7569843409334,0,1,41.73947823291479
90.84505613336283,44.75588703532682,48.395426063409076,1,1,37.68668803471885
58.339179476612046,31.833484108360366,192.12539510263994,1,1,87.59049249998945
40.08514167636399,30.69667923800309,39.385140890685676,0,3,90.52989990105155
46.20058036441327,3.332602028034498,190.28596207236646,0,4,49.295697165586006
94.72833396118153,25.920401097260203,198.9638587931902,0,2,33.01559503156044
15.33514031160802,7.5084500408520825,142.34456114920974,1,3,10.680070400236364
58.62298320167972,36.87168843607428,196.2287463583644,0,2,95.3402879382095
50.5888678884466,25.611096040633726,113.90795591342074,1,1,6.022694490029745
61.14542354346478,34.01138896041766,51.90835663521807,1,3,29.765027756828044
1.8110183820840509,2.0836450301192135,87.39917713312417,1,1,29.806620117000413
87.21239089441515,4.239600802290161,118.71218707575719,1,2,32.04012861402149
93.21182824836124,35.81616940313411,14.616312405402997,0,2,16.428684327240926
56.51331835892089,3.6042167999336683,124.46865292344921,0,4,78.31614309236971
69.66508238768922,3.56283638826293,196.2355673524589,1,2,12.249786196598922
92.24993811772957,0.6054237617443725,38.021529956745525,0,1,63.49066591531628
70.72386343133986,47.82506991497401,158.51902325767665,1,2,12.384602670581746
15.253904291426135,36.875417972950345,181.57975875592388,1,4,7.053563759295656
57.62883601668132,17.66257042510321,188.74031856404417,1,4,90.94295036858765
60.67150463828559,14.82677906438276,192.02712088108944,0,1,19.01287663187057
42.4130671302386,17.485161487292476,104.29192774429438,1,3,82.12501545597043
73.64442356247228,38.732676559059094,195.46158159830074,1,2,54.46308711071358
93.43670147690149,33.068530553520716,151.46204142688777,0,4,7.78565196087696
92.55685129067763,9.259778393373397,32.33428724739238,0,2,95.54481914380675
45.08393714041321,8.705466766704218,95.380021293594,0,2,24.696116699189254
11.323804584075525,4.919782485669866,143.6662350744008,0,3,85.96453453526065
98.48411989623345,33.015135985066905,49.468063163816666,1,4,16.88100057845642
83.88980864459342,38.218633111086795,128.12303670977747,0,2,85.39428821418528
12.466268120326685,13.2523214162502,133.32009580932385,1,4,1.3228812905293985
92.08418826173724,1.0472480515456406,32.53994876171318,0,1,51.178045656948065
86.98963620621282,4.108583373821367,113.01706249055125,0,1,76.94425794215569
51.88380571260721,48.39300174225152,154.32538219572155,0,2,93.47955174927833
59.127543574492925,14.772238873871013,99.77913290718838,0,4,90.92021362064871
39.90027038701302,38.46115739190668,2.420623355221485,0,2,81.96248695476449
5.476163882203133,31.23317844271319,1.8076938158584355,0,4,88.8191349661304
33.519724164590095,19.096981982644795,71.40586879400243,1,4,19.92196858370765
80.28534485980114,10.284363109777756,185.2388136863564,0,3,28.418429571172876
0.4632023004602859,6.069320907970321,45.73535592072175,0,3,28.89685249210585
33.34991716911442,30.75064840194333,126.87273777433742,0,3,37.70539310016988
39.81686935909433,38.7316890318894,44.41517413866411,0,2,39.33206703851887
53.73956029379229,32.19521267705653,64.33399793190972,1,3,54.45553246546755
91.98556164127605,26.515106662457917,169.6084179202968,0,3,15.987976336644138
34.634599436596126,2.0975611715818134,145.77228845398938,0,1,69.12466637859893
34.69532018962277,48.42443887971919,19.079855462642126,0,4,16.75665393045065
73.75012481097484,39.93570958272873,85.74040419728672,0,4,31.030848210454753
45.221794088980715,14.641101835048238,5.833952729052894,1,3,50.33451306061541
22.460482293998197,48.99851646794253,96.1780293206018,0,4,79.64405615234773
45.24395161326934,30.094079481816106,132.48680234021361,1,1,73.94692332387272
14.085702037979985,29.121132910362324,23.700524719630312,0,1,64.55343564105223
17.63869865062233,37.4036589714766,57.776987781833135,1,3,15.577326058017016
49.83677727394797,40.58848940450688,79.56732510043139,1,1,54.70453456155777
41.89254495045479,32.823930366575134,183.90620493120994,0,4,8.744650179988545
91.48459010681,6.404787318310001,198.65100308459282,0,2,37.73631767966508
36.23938991166331,16.91337529972492,8.98225979912317,1,4,41.35165302899592
58.05883502780434,46.404182016302485,152.2015846990784,1,2,3.9811439445753827
63.22642879195304,11.230780592192597,74.34481328046864,0,3,27.398809946997183
1.3094456588333636,18.608351191875666,78.491637245896,1,2,95.56494672664894
66.35373720167107,21.6038441472098,150.85299466940455,1,1,95.36326078296895
17.803596686975144,21.970249484722608,183.68528642908174,1,4,35.23270542525393
96.10703174694551,30.646979124726276,190.18571890050967,0,2,4.310010894832406
14.866272775311295,47.15379188723538,115.42451720766415,1,4,17.909493932818155
41.462412372702374,12.034635591625248,71.42423186010056,1,3,39.221779343354015
8.534966807864386,6.075068815045903,157.50981717175586,1,3,94.77796979692297
99.68742518459473,9.873524492996866,50.200276652460055,0,1,14.119906353718491
50.21950103312426,44.34624501046348,112.81480576670356,0,3,76.35158436682123
59.53850173200438,32.2905406327603,71.71569230497464,1,2,10.868253937469207
6.7076477388427485,14.295339461958006,131.32621474157523,0,3,98.12575773912768
74.99604703991778,40.797346948430864,48.07978257870138,1,1,38.161649910913496
20.990559309558577,43.0684998181718,38.31858914696515,0,4,77.5234538899056
89.80542894407138,42.3257169345139,183.6478173350874,0,4,34.259108281113186
20.513964048200716,45.94632668197772,20.36073658990738,1,3,62.76688771588087
19.068772066366655,12.612051008668079,101.19158154698633,0,2,19.201608474003674
3.654966784809488,37.75209643731392,44.170556592601784,0,1,14.602101929696254
47.206694510999924,23.026974863707,7.78599266513349,0,2,93.80641395681313
56.48411332626164,42.099927644503076,7.203763658285278,1,1,91.76472779044335
6.570863942835237,36.42453385808066,35.044354421165465,0,3,88.74689402128824
77.55276166950105,38.82237232498623,173.35407090120006,0,1,62.543345016659345
45.32888347480276,32.808091884053574,56.49574879540533,1,1,80.82682112162783
52.439026932758004,8.871438473485343,190.09183411505916,0,3,6.903693691137491
44.07627469382282,27.251345944846918,116.32445859783871,0,2,33.47890418906792
40.0763060875326,49.23348697622541,87.32283795375322,0,3,31.37031247571562
55.96403313082179,46.869403324855945,116.01776693389093,0,1,63.56453219526132
15.52402459307125,2.1586867898505835,103.33967704525355,0,3,35.59577734706405
18.19281304952711,8.240740786471857,151.75525075146504,1,1,14.85067816436808
86.17856210135173,6.586438672728096,56.49921319457045,1,3,59.646707541354374
94.61154621336327,36.29899549926478,70.61007832006048,0,4,81.43839206690815
37.330931627975296,40.889266492847256,178.81886050665014,0,4,38.21234944599732
27.074467314355378,10.675568315533596,189.2913026300811,0,3,13.22687150984817
64.39995432390158,25.29263464759145,178.5116454972949,1,2,19.668819731282305
40.87341710980964,42.03515140056,83.88959879146272,1,1,23.7483305169384
2.538635566034486,36.64007723831253,156.07310060137632,0,4,29.989759299453624
15.615259736619036,27.111860274592413,95.26714666021977,0,2,64.27950705063091
71.59722288473975,29.517384522938645,99.50797042922044,1,1,60.0945484537719
65.89239419101514,25.418027345813996,40.93602181145679,0,4,69.60798615670392
2.709599250348349,14.877422565941028,118.22606065170329,1,4,36.25019845315131
22.197216193294945,28.251099642950805,37.22717955066959,1,3,82.39976518799783
23.10747965880714,34.44426510250453,66.31293981343876,0,1,20.40876611557603
67.18927435987284,43.666145793040386,171.00604032398704,1,2,46.90407475181539
1.9710537754364155,31.814567698962403,41.415161842171045,0,2,80.09387215414303
10.410858198457385,38.0560768521579,14.231657034686563,0,2,18.015864773261924
79.99160853731894,8.00358174772865,13.80151852256326,0,1,10.986311374078294
17.85446620543336,23.077873720989494,188.15690410062157,0,2,88.36839676879897
65.27461078518748,0.4665809913546648,101.38408759236692,0,2,34.29296627591959
23.81827810467265,12.333943226081152,81.88241436340367,0,2,68.3870124909032
9.944139275934516,36.32308575565024,162.1757162015837,1,3,2.534860426393848
24.317219099945408,49.59049756746817,167.1651855821032,1,3,69.00468884094497
72.22669318556592,4.9589049793607956,66.43820662312092,1,1,31.61013115469705
85.56964681062857,20.074715793064414,138.72361149475904,1,1,5.574085358744174
83.02198645669915,40.00354843495798,154.2245631703773,0,2,60.9812761548117
39.71835296184548,10.201781731444942,130.93013737319092,1,3,24.080381607317324
66.80851365706462,27.75424746511431,30.319014960019874,1,4,38.680724205188
20.498429541582098,36.65356480148374,175.1766167034114,1,4,8.058081228651359
29.314773026101328,30.79927251300895,107.81891054720174,0,2,14.716325109494532
89.63358185211197,9.401236730770806,56.49448527400074,1,2,29.797723549584376
1.3001923510736035,17.769228434286973,85.04563708753878,0,3,8.975950056015714
8.550853085446807,39.18958922426986,7.514218079781476,1,3,91.08262646863152
20.78862551460273,27.71132570660083,25.57336024448351,0,3,0.6047043183978418
2.6532203873819715,0.26148067714563683,153.10935010317218,0,1,48.38602188643114
18.143543508979732,38.04953800140469,0.002326951073228223,1,1,12.324745813255145
58.304156096969216,1.7655677470119535,83.31316569645844,0,2,30.767908947794854
42.1424550592498,37.286689136561606,104.50203621711769,0,1,92.60595598182655
89.26717110769748,10.12402800826187,10.926884000194459,1,3,16.169455327398687
81.7443561738441,47.90367400596901,194.61563259446658,1,3,96.58323197183326
34.1817351697876,18.397037565104224,45.225066249934386,1,1,20.579437698942172
25.94234334312925,16.346580816903955,60.83974392725617,0,4,74.15661084668295
37.96924081672669,7.444402516622234,60.78850245100546,0,2,54.66772648973117
59.02949425148078,15.280210774510744,46.08333242346998,0,4,88.44787275967592
26.806364082287626,43.83253809141003,0.2947644172622832,1,2,55.399325550313094
62.4148907849134,49.81671688136237,145.86895881759926,0,4,53.45592191563087
40.941165219124045,18.415476525342417,193.36909995985707,0,1,19.54580003683999
55.204718085198024,22.430531547727128,44.85869665700901,0,2,16.62293620516587
43.61265291353167,36.10354691013685,132.6094383606845,0,2,91.64891511155142
29.44657595419177,44.30978902325373,148.37926539174302,0,2,32.78381988500341
94.84533069621567,29.652216709339207,169.68507581810493,0,3,37.20822549628959
76.36057941597608,19.576284908891466,84.52583940272183,0,3,75.98236584283885
14.011317576645254,20.631092042431188,60.58618112808585,1,4,33.882348242280734
86.84679758979128,34.78090732484034,65.05902680460622,1,1,95.20624466390028
48.743119824951364,0.16091318021393408,142.52426661970256,1,3,73.79277689988002
89.45522268940914,30.979466872992035,163.3558933011272,0,2,59.742924257342
79.98552559473153,17.77465052206787,36.32279355132053,0,3,88.08951605447525
42.52135044692334,39.70986656385421,74.18820163155304,1,1,4.960590834948276
2.24693083201174,4.649531991156608,180.38803934983002,0,3,25.706269218920873
26.867735938494608,29.410113347419525,161.33870393894784,1,2,46.50363342209099
54.16342146608669,24.04864449430619,196.97168055249517,0,4,22.6978539471521
63.347821982614725,32.11627629526137,150.84965193641614,0,2,74.39051873021519
25.788768543320227,3.2426797241484175,78.63904020558445,1,1,91.92080310537251
13.935607407282413,28.999189371406565,118.12756679892755,1,4,42.37701199309234
83.4930236799299,28.074229397976186,132.20285084946406,1,3,34.2132600111895
98.44021807035521,28.033004720808545,15.69116326342479,1,3,96.15507321375662
52.56901823026858,30.17438332982274,108.89939182077302,1,3,44.485243282754084
17.16792858483035,33.82339686131811,141.86416569452192,0,4,48.90484004492832
27.230732651936897,40.249449984038485,33.464260800212074,0,2,35.164987234190534
1.8390676547466733,13.491036006410717,156.12634348511142,0,4,90.95484730121383
91.4298806560499,41.2524705090031,116.75455610282232,1,4,56.89554832818507
11.775108289014113,24.91278411317268,190.44435713951893,1,1,76.21745871816447
57.651647551425356,3.8529139567165585,8.48445964137834,1,4,81.18067183508863
27.4055220687206,2.92754646219896,53.0652275110934,1,3,34.18490419172582
55.417800251579344,16.71191593480304,120.31077585996482,1,2,43.369433132038004
65.14203883518643,39.24484885557338,59.31198244118614,1,2,84.84717744062647
82.97418037072016,35.384046737045786,142.88483281424845,0,2,36.32553516758102
20.64212717606032,39.43074823362032,151.8010565043862,0,3,79.39351334518513
1.0995828658480478,25.86345282208047,20.50319281329489,0,3,94.09923225744372
13.688563006880727,22.00994989777453,102.77089284135354,0,3,62.3210373068007
90.00186418481051,7.372626335314197,101.77811111821117,0,3,74.16272874518889
87.38900775625153,16.40963768046558,73.85615404310822,1,3,80.50973120411349
59.74131021703083,21.700968308693763,186.58497251393442,1,4,84.50396488966425
60.051686043365336,4.430021483980862,165.50126397464425,1,3,39.505333785679596
66.50366745462554,11.030597635560563,139.44187638192736,1,3,5.126345917599817
17.53712786234496,29.91126470318694,142.8653271469995,1,3,40.187627123673956
91.44119459249598,36.783155711959495,92.34322876262382,1,3,67.37562297840898
41.87705248920731,49.91737556964748,184.19890421931518,0,2,45.03503857807928
38.31385282494975,46.65566656717788,138.91908545065706,1,3,74.89631508603985
51.89177052828376,32.12825997675958,145.79621233116328,1,4,35.69824294686639
4.696596677505505,21.0624026647036,172.33818075746905,1,4,63.474414110402954
16.628336875607943,31.808868235411637,54.8143178684382,1,4,18.641980485397458
73.80336164263704,39.282580904011596,161.4141807733406,0,1,74.93694366449569
8.279866792512646,5.916809546169366,39.04812059129841,0,2,54.56959688130259
60.31521094663882,20.495244484814414,69.06839044897757,1,3,20.40643885466006
24.534910968132095,41.99011428178086,67.12209085396854,0,1,29.191117349780725
38.929561404197656,19.1916475966522,195.7050936778281,0,3,74.86087085818323
28.869373677069987,28.593613561359327,171.30744474958536,1,1,48.26012356615207
35.567271646494916,29.38846804310991,140.23397231805194,1,1,21.60314403930722
71.90459051842456,9.223812656681968,145.41135232307803,1,4,96.72711903702977
29.7121715623175,18.11177208261442,112.41455888051422,1,4,71.51250198168879
56.64046402968972,16.725564437096608,189.41813342170383,1,1,95.71348325397962
47.60504021990997,1.3098354266032397,99.2517505764723,0,4,42.71050453603432
66.36711653626482,1.2095881945677622,76.1035419739789,1,1,47.51003406917205
93.6829739324758,41.584852183788676,32.6070673863182,1,2,89.79552161850192
73.25720972102503,13.65354049864062,157.2411304522116,1,4,52.504934024538464
21.494037859075675,25.90393831194077,146.8887864151183,0,4,70.72789119056672
3.1183135061284672,14.936278679438653,76.87100770482698,1,4,25.217287749552998
26.22640442998251,47.03396225576702,5.038682791845872,1,2,44.67264687026405
59.507793070025485,12.964837943288687,167.79946554360214,1,1,12.34498658103551
5.1425813484250344,21.482840636946754,2.2835966908147265,0,3,20.59800358769617
49.636624720123635,43.63651252423009,140.7399559258102,1,4,0.0943415267631087
59.68428489168892,42.09667833959043,194.05142194521142,1,1,3.926505164866023
33.424389081696084,9.305070892313866,87.53226562964069,1,2,97.72838231769293
77.09122037458219,40.13216548978552,46.99468099919055,0,3,24.23536951367623
10.65982531337718,22.909344336894634,140.97420200867634,1,4,66.33107095040019
7.513778173580876,24.14844360426776,163.42562840311703,1,2,83.90996987996115
72.81887562036033,6.673998620797189,109.28606321556946,1,2,55.066045923656425
49.549131620619846,4.0300756878562325,193.40705505122924,0,3,15.31445000839562
68.84023964277361,36.39696534868826,10.333744331592221,1,1,72.81164373361663
43.48273386037462,24.823057617764988,100.95911966090563,1,4,60.025141009958304
24.640203323910683,21.84253513075898,143.69078946451,1,4,73.12505893473751
81.91023176741997,36.475411432619836,172.5280942298358,0,1,76.97466228570872
79.94158789689793,38.275644949555485,35.85112238155801,0,1,97.54103676847451
69.46964708544267,7.945408383467678,160.00069635273627,1,1,57.356328002671
27.21451372299627,30.511257473882065,110.54141514370906,0,3,34.164111269060186
59.023066686908706,6.767704113884276,79.31073639799264,0,3,64.8464556900237
36.09738969400268,37.56875430145229,26.343005715818713,0,4,6.844070924262613
9.158207332663416,32.84775781335698,173.05915178178248,1,3,89.73973183215863
91.73135754622427,47.8307310541729,31.45464163594307,1,2,11.938101133819679
13.68186309189614,3.447900817821059,61.95757184181985,0,4,32.784283788581824
95.02373538208025,2.8527360575627156,58.009106392487375,0,3,81.57453806261209
44.600577295795574,14.109353734660008,174.28280683817087,0,1,59.731237833071184
